date,description,cat,chequeNumber,debit,credit,balance,month,month name
2017-01-08,NEFT DR-CSBK0000040-KANNAN K S-PALA-N213 170340612330,NA,0000000000000028,114000.0,0.0,100000.0,1,Jan
2017-01-08,NEFT DR-ICIC0000941-ADAM TRADERS-PALA-N2 13170340613490,NA,0000000000000029,100000.0,0.0,0.0,1,Jan
2017-07-08,NEFT CR-ICIC0000104-OPPO ELECTRONICS KER ALA PVT LTD-VISHNU RAJ 0758-CMS63606779 5,NA,0000CMS636067795,0.0,26114.0,26114.0,7,Jul
2017-09-08,NWD-405988XXXXXX8341-CW110602-KOTTAYAM,NA,0000722116002798,10000.0,0.0,16114.0,9,Sep
2017-10-08,NWD-405988XXXXXX8341-70976001-PIZHAKU,NA,0000722207026362,4500.0,0.0,11614.0,10,Oct
2017-10-08,ATW-405988XXXXXX8341-S1ACPL12-KOTTAYAM,NA,0000000000005754,10000.0,0.0,1614.0,10,Oct
2017-11-08,IMPS-722310184380-CELL 4U-HDFC-XXXXXXXXX XXX0903-HDFC,NA,0000722310184380,0.0,27000.0,28614.0,11,Nov
2017-11-08,ATW-405988XXXXXX8341-S1ACPL12-KOTTAYAM,NA,0000000000005834,20000.0,0.0,8614.0,11,Nov
2017-11-08,IMPS-722313770563--SIBL-XXXXXXXXXXXX5932 - MISCELLANEOUS,NA,0000722313770563,7000.0,0.0,1614.0,11,Nov
2017-08-13,POS 405988XXXXXX8341 REDBUS IN POS DEBIT,NA,0000722500027817,872.0,0.0,742.0,8,Aug
2017-08-18,INST-ALERT CHG INC GST APR-JUN2017-MIR22 374649700,NA,00MIR22374649700,17.7,0.0,724.3,8,Aug
2017-08-24,NEFT CHGS BRN INCL GST 010817-MIR1723195 467736,NA,MIR1723195467736,17.7,0.0,706.6,8,Aug
2017-08-24,NEFT CHGS BRN INCL GST 010817-MIR1723195 467729,NA,MIR1723195467729,5.9,0.0,700.7,8,Aug
2017-01-09,NEFT CR-ICIC0000104-OPPO ELECTRONICS KER ALA PVT LTD-VISHNU RAJ 0758-CMS65163844 6,NA,0000CMS651638446,0.0,19200.0,19900.7,1,Jan
2017-06-09,IMPS-724911702531--SIBL-XXXXXXXXXXXX5932 - MISCELLANEOUS,NA,0000724911702531,10000.0,0.0,9900.7,6,Jun
2017-06-09,IMPS-724912723379--SIBL-XXXXXXXXXXXX5932 - MISCELLANEOUS,NA,0000724912723379,9000.0,0.0,900.7,6,Jun
2017-09-21,POS 405988XXXXXX8341 CELL 4 U MOBILES PO,NA,0000726416047109,100.0,0.0,800.7,9,Sep
