Particulars,Opening,Total Amount Of Debit Transactions,Total Amount Of Credit Transactions,Closing Balance,Total No. of I/W Cheques Bounced: Insufficient Funds,Sum of I/W Bounced Cheque: Insufficient Funds,Total Number of Outward Cheque Bounces,Inward Cheque Bounced %,Total Number of Debit Transactions,Total Number of Credit Transactions,Minumum Balance,Maximum Balance,Monthly Average Balance,Total Amount of Cash Deposit,Total Amount of Cash Withdrawal,Total Amount of Loan Credit,Total Number of Cash deposit,Total Number of Cash Withdraw,Total Number of Cheque Deposit,Total Amount of Cheque Deposit,Total Number of Cheque Issues,Total Amount of Cheque Issues,Total Number of Debit Internal Transactions,Total Number of Credit Internal Transactions,Total Amount of Debit Internal Transactions,Total Amount of Credit Internal Transactions,Peak Utilization Limit,Total Net Debit Amount,Total Net Credit Amount,Total Interest Paid,Total Interest Received,Min EOD Balance,Max EOD Balance,Average EOD Balance,Self Withdraw,Self Deposit,Total No of Net Debit Transactions,Total No of Net Credit Transactions,Avg Utilization of OD/CC %,Overdrawn Days,NEFT Return,Sanction Limit,Balance on 1st,Balance on 14th,Balance on 30th/Last Day,"ABB on 1st,14th, 30th/Last Day",Total No. of ECS/NACH Issued,Total Amount of ECS/NACH Issued,No. of EMI / loan payments,Total Amount of EMI / loan Payments,No.of Penalty Charges,Total Amount of Penalty charges,Interest Service Delay,No. of Bank Charges,Amount of Bank Charges,Total Number of Cheque Issues ,Total Amount of Cheque Deposit 
Jan2017,100000.0,214000.0,19200.0,19900.7,0,0,0,0.0,2,1,0.0,100000.0,39966.0,0,0,0,0,0,0,,,0,0,0,0,0,,214000.0,19200.0,0,0,0.0,100000.0,39966.9,0,0,2,1,,,19200.0,,100000.0,0.0,19900.7,,0,0,0,0,0,0,,0,0,0,0
Jul2017,19900.7,0.0,26114.0,26114.0,0,0,0,0.0,0,1,26114.0,26114.0,26114.0,0,0,0,0,0,0,,,0,0,0,0,0,,0.0,26114.0,0,0,26114.0,26114.0,26114.0,0,0,0,1,,,26114.0,,26114.0,0.0,26114.0,,0,0,0,0,0,0,,0,0,0,0
Sep2017,26114.0,10100.0,0.0,800.7,0,0,0,0.0,2,0,800.7,16114.0,8457.0,0,0,0,0,0,0,,,0,0,0,0,0,,10100.0,0.0,0,0,800.7,16114.0,8457.35,0,0,2,0,,,0.0,,16114.0,800.7,800.7,,0,0,0,0,0,0,,0,0,0,0
Oct2017,800.7,14500.0,0.0,1614.0,0,0,0,0.0,2,0,1614.0,11614.0,6614.0,0,0,0,0,0,0,,,0,0,0,0,0,,14500.0,0.0,0,0,1614.0,11614.0,6614.0,0,0,2,0,,,0.0,,11614.0,0.0,1614.0,,0,0,0,0,0,0,,0,0,0,0
Nov2017,1614.0,27000.0,27000.0,1614.0,0,0,0,0.0,2,1,1614.0,28614.0,12947.0,0,0,0,0,0,0,,,0,0,0,0,0,,27000.0,27000.0,0,0,1614.0,28614.0,12947.333333333334,0,0,2,1,,,0.0,,28614.0,0.0,1614.0,,0,0,0,0,0,0,,0,0,0,0
Aug2017,1614.0,913.3000000000001,0.0,700.7,0,0,0,0.0,4,0,700.7,742.0,718.0,0,0,0,0,0,0,,,0,0,0,0,0,,913.3000000000001,0.0,0,0,700.7,742.0,718.4000000000001,0,0,4,0,,,0.0,,742.0,724.3,700.7,,0,0,0,0,0,0,,0,0,0,0
Jun2017,700.7,19000.0,0.0,900.7,0,0,0,0.0,2,0,900.7,9900.7,5400.0,0,0,0,0,0,0,,,0,0,0,0,0,,19000.0,0.0,0,0,900.7,9900.7,5400.700000000001,0,0,2,0,,,0.0,,9900.7,0.0,900.7,,0,0,0,0,0,0,,0,0,0,0
